q,phi_q,beta_mean,beta_std,log10_q
10,4,0.0512,0.0231,1.0
30,8,0.1917,0.0984,1.4771212547196624
50,20,0.3125,0.1521,1.6989700043360187
70,24,0.4238,0.2015,1.845098040014257
90,24,0.5012,0.2458,1.9542425094393248
110,40,0.5873,0.2901,2.041392685158225
130,48,0.6549,0.3327,2.113943352306837
150,40,0.7236,0.3782,2.1760912590556813
